{"mean": [0.4235567159849144, 0.5288656803017117, 0.018856977081520163, 2.8503046127067013, 1115.6449086161879, 3.1116913257905425, 3.266028430519292, 0.9524223962866261, 0.4351610095735422, 0.40992167101827676, 0.42732811140121846, 0.5233536408471134, 0.5303162170002901, 0.536118363794604, 2.886858137510879, 2.841311285175515, 2.865100087032202], "std": [0.6542816501390893, 0.7437736648489239, 1.4282749506435475, 1.8671233107496572, 175.51157549467072, 1.797396728166854, 1.8446365638172133, 0.9826161289722626, 0.6573011618869546, 0.634054529335561, 0.6533805980812014, 0.7404493010101171, 0.7452746324185031, 0.7558404762650976, 1.866743958491634, 1.843468092420457, 1.8544571121687736]}